County,meanElev,pH,Max NDVI,Mean NDVI,mean Tmax,mean Tmin,Hargreaves PET,Precipitation,Temp_range
Nandi,1917.119505,5.614627516425132,0.6439875,0.41594999999999993,23.717675,14.2075375,3.929479166666667,1912.9077,9.510137499999999
Nandi,1917.119505,5.614627516425132,0.6439875,0.41594999999999993,23.717675,14.2075375,3.929479166666667,1912.9077,9.510137499999999
Nandi,1917.119505,5.614627516425132,0.6439875,0.41594999999999993,23.717675,14.2075375,3.929479166666667,1912.9077,9.510137499999999
Kilifi,147.5637627,6.479316464645482,0.44841999999999993,0.15804999999999997,31.524207999999998,22.976628,4.6266039999999995,586.9660916666667,8.547579999999996
Nandi,1917.119505,5.614627516425132,0.6439875,0.41594999999999993,23.717675,14.2075375,3.929479166666667,1912.9077,9.510137499999999
