County,meanElev,pH,Max NDVI,Mean NDVI,mean Tmax,mean Tmin,Hargreaves PET,Precipitation,Temp_range
Siaya,1211.014926,5.936669177236241,0.5778333333333333,0.34068888888888893,25.514853846153848,21.95235769230769,2.7176346153846156,2088.4157250000003,3.5624961538461584
Nandi,1917.119505,5.614627516425132,0.6462222222222223,0.4176555555555555,23.769168,14.271075999999999,3.929472,1912.9077,9.498092000000002
