County,meanElev,Max NDVI,Mean NDVI,mean Tmax,mean Tmin,Hargreaves PET,Precipitation,Temp_range
Nairobi,1651.586192,0.5766166666666667,0.18262777777777778,21.622046875000002,11.167043750000001,3.7576703125,655.3888671875,10.455003125000001
